CREATE DATABASE /*!32312 IF NOT EXISTS*/`fai_uas` /*!40100 DEFAULT CHARACTER SET utf8mb4 */;

USE `fai_uas`;

/*Table structure for table `dokter` */

DROP TABLE IF EXISTS `dokter`;

CREATE TABLE `dokter` (
  `dokter_id` int(10) unsigned NOT NULL AUTO_INCREMENT,
  `dokter_nama` varchar(255) DEFAULT NULL,
  `dokter_username` varchar(255) DEFAULT NULL,
  `dokter_password` varchar(255) DEFAULT NULL,
  `dokter_role` tinyint(1) DEFAULT 1,
  PRIMARY KEY (`dokter_id`)
);

/*Data for the table `dokter` */

insert  into `dokter`(`dokter_id`,`dokter_nama`,`dokter_username`,`dokter_password`,`dokter_role`) values 
(1,'Michael Scott','michael','234',1),
(2,'Jim Halpert','jim','234',1),
(3,'Dwight Schrute','dwight','234',1),
(4,'Oscar Martinez','oscar','234',1),
(5,'Administrator','admin','123',0),
(7,'Toby Flenderson','toby','234',1);

/*Table structure for table `kota` */

DROP TABLE IF EXISTS `kota`;

CREATE TABLE `kota` (
  `kota_id` int(10) unsigned NOT NULL AUTO_INCREMENT,
  `kota_nama` varchar(255) DEFAULT NULL,
  PRIMARY KEY (`kota_id`)
);

/*Data for the table `kota` */

insert  into `kota`(`kota_id`,`kota_nama`) values 
(1,'Surabaya'),
(2,'Jakarta'),
(3,'Bogor'),
(4,'Yogyakarta');

/*Table structure for table `pantauan` */

DROP TABLE IF EXISTS `pantauan`;

CREATE TABLE `pantauan` (
  `pantauan_id` int(10) unsigned NOT NULL AUTO_INCREMENT,
  `pantauan_nama` varchar(255) DEFAULT NULL,
  `pantauan_gejala` text DEFAULT NULL,
  `kota_id` int(10) DEFAULT NULL,
  PRIMARY KEY (`pantauan_id`)
);

/*Data for the table `pantauan` */

insert  into `pantauan`(`pantauan_id`,`pantauan_nama`,`pantauan_gejala`,`kota_id`) values 
(1,'Kamile Atherton','Pusing, Sesak Nafas, Demam',4),
(2,'Neave Hope','Pusing, Sesak Nafas',1),
(3,'Yvette Nunez','Sesak Nafas, Demam, Nyeri',2),
(4,'Finn Decker','Pusing, Sesak Nafas',3),
(5,'Janet Burt','Pusing, Sesak Nafas, Demam, Nyeri',1),
(6,'Ophelia Alston','Pilek, Pusing',2),
(7,'Asher Coates','Pilek,Pusing, Sesak Nafas, Demam',3),
(8,'Safia Seymour','Batuk,Pilek',2),
(9,'Rogan Franco','Sesak Nafas, Demam, Nyeri',4),
(10,'Lea Morrow','Pusing',4),
(11,'Giles Glenn','Pusing',1),
(12,'Aaran Rooney','Pilek, Pusing, Sesak Nafas',4),
(13,'Imran Swan','Pilek',1),
(14,'John-James Brookes','Sesak Nafas, Demam, Nyeri',3),
(15,'Jeffery Richards','Pusing',4),
(16,'Darcie Parks','Demam, Nyeri',2),
(17,'Rodrigo Reed','Sesak Nafas, Demam',4),
(18,'Zaara Gordon','Batuk, Pilek, Pusing, Sesak Nafas, Demam',3),
(19,'Malaika Foley','Pusing, Sesak Nafas',3),
(20,'Jadene Wall','Pusing, Sesak Nafas',4),
(21,'Karan Heaton','Pilek,Pusing, Sesak Nafas, Demam, Nyeri',3),
(22,'Corrina Pham','Pusing, Sesak Nafas',1),
(23,'Emile Johnson','Batuk, Pilek, Pusing, Sesak Nafas, Demam',2),
(24,'Emma Lugo','Pusing, Sesak Nafas, Demam, Nyeri',1),
(25,'Julius Corrigan','Pusing, Sesak Nafas',1),
(26,'Toni Randolph','Pilek, Pusing, Sesak Nafas',2),
(27,'Vera Calvert','Batuk,Pilek,Pusing,Sesak Nafas, Demam, Nyeri',3),
(28,'Israr Goddard','Pusing, Sesak Nafas, Demam, Nyeri',4),
(29,'Marta Weeks','Batuk',4),
(30,'Kallum Parrish','Batuk,Pilek,Pusing',2),
(31,'Luka Macdonald','Pusing, Sesak Nafas',2),
(32,'Vishal Osborne','Batuk,Pilek',3),
(33,'Kyra Buckley','Batuk',1),
(34,'Anjali Gill','Nyeri',1),
(35,'Sohail Farrow','Batuk,Pilek',1),
(36,'Lily-Ann Rowland','Pusing, Sesak Nafas, Demam, Nyeri',4),
(37,'Audrey Sanchez','Pusing, Sesak Nafas, Demam',2),
(38,'Lara Dawson','Demam',3),
(39,'Sydney Goff','Batuk,Pilek,Pusing,Sesak Nafas, Demam, Nyeri',2),
(40,'Tea Watkins','Pusing, Sesak Nafas, Demam',2),
(41,'Jane Garrett','Batuk,Pilek,Pusing,Sesak Nafas',2),
(42,'Lindsey Doyle','Pusing, Sesak Nafas, Demam, Nyeri',1),
(43,'Tara Francis','Nyeri',3),
(44,'Rebekka Barnett','Pilek,Pusing, Sesak Nafas, Demam',1),
(45,'Darius Mendoza','Batuk,Pilek,Pusing,Sesak Nafas, Demam, Nyeri',2),
(46,'Noor Miles','Batuk, Pilek, Pusing, Sesak Nafas, Demam',3),
(47,'Muna Brewer','Batuk,Pilek,Pusing',4),
(48,'Ellena Burns','Pusing',4),
(49,'Lorna Bentley','Batuk,Pilek,Pusing',3),
(50,'Evangeline Joyce','Pilek, Pusing',1),
(51,'Lennon Sargent','Pusing',3),
(52,'May Huffman','Pusing',4),
(53,'Morgan Maynard','Batuk,Pilek,Pusing,Sesak Nafas',2),
(54,'Ocean Aguirre','Batuk, Pilek, Pusing, Sesak Nafas, Demam',2),
(55,'Norma Spence','Demam, Nyeri',3),
(56,'Salahuddin Workman','Batuk,Pilek',3),
(57,'Humairaa Stein','Batuk, Pilek, Pusing, Sesak Nafas, Demam',3),
(58,'Aleksandra Walter','Batuk',1),
(59,'Gianni Luna','Sesak Nafas, Demam, Nyeri',1),
(60,'Conall Patrick','Batuk,Pilek,Pusing,Sesak Nafas',4),
(61,'Arissa Ramsey','Pilek',3),
(62,'Tommy Chapman','Batuk,Pilek,Pusing,Sesak Nafas, Demam, Nyeri',2),
(63,'Kayleigh Mckinney','Pusing, Sesak Nafas, Demam',1),
(64,'Amaya Lacey','Sesak Nafas, Demam',1),
(65,'Garfield Burrows','Pusing',2),
(66,'Samara Keenan','Batuk,Pilek,Pusing,Sesak Nafas, Demam, Nyeri',4),
(67,'Phillipa Riley','Pusing, Sesak Nafas',1),
(68,'Indigo Hardin','Batuk',1),
(69,'Hamzah Connor','Demam',4),
(70,'Henna Meza','Pusing, Sesak Nafas, Demam, Nyeri',1),
(71,'Leyla Cohen','Pusing, Sesak Nafas, Demam, Nyeri',4),
(72,'Korey Pacheco','Pusing, Sesak Nafas, Demam',2),
(73,'Brendan Barrett','Pilek',1),
(74,'Lottie Todd','Pilek,Pusing, Sesak Nafas, Demam, Nyeri',3),
(75,'Bea Hendricks','Batuk,Pilek,Pusing,Sesak Nafas',2),
(76,'Maxime Monaghan','Pilek',3),
(77,'Zakk Clarkson','Batuk, Pilek, Pusing, Sesak Nafas, Demam',2),
(78,'Angus Wiley','Batuk, Pilek, Pusing, Sesak Nafas, Demam',4),
(79,'Sally Newman','Pilek, Pusing, Sesak Nafas',4),
(80,'Davey Bowers','Pusing, Sesak Nafas, Demam',1),
(81,'Jonny Lynn','Pilek,Pusing, Sesak Nafas, Demam',2),
(82,'Dimitri Ritter','Demam, Nyeri',4),
(83,'Celeste Butler','Pusing',1),
(84,'Mohsin Parkes','Demam, Nyeri',2),
(85,'Nadine Dickson','Pilek, Pusing, Sesak Nafas',3),
(86,'Jose Owens','Batuk,Pilek',3),
(87,'Eve Leigh','Batuk',4),
(88,'Cherie Kim','Batuk,Pilek,Pusing,Sesak Nafas',3),
(89,'Thiago Garrison','Pilek, Pusing, Sesak Nafas',2),
(90,'Reagan Cuevas','Pusing, Sesak Nafas, Demam',1),
(91,'Delilah Bright','Batuk,Pilek,Pusing,Sesak Nafas, Demam, Nyeri',1),
(92,'Kirby Dalby','Batuk,Pilek',2),
(93,'Dominick Nixon','Batuk,Pilek',2),
(94,'Rowena Paterson','Batuk,Pilek',3),
(95,'Carina Kirk','Pilek, Pusing, Sesak Nafas',4),
(96,'Micah Bowes','Pusing, Sesak Nafas',3),
(97,'Dolly Fox','Batuk',3),
(98,'Alexia Meyers','Pusing, Sesak Nafas, Demam, Nyeri',1),
(99,'Courtnie Cano','Pusing',4),
(100,'Susan Whitley','Pilek,Pusing, Sesak Nafas, Demam, Nyeri',1),
(101,'Keelan Ahmad','Batuk,Pilek',1),
(102,'Dina Talbot','Batuk,Pilek,Pusing,Sesak Nafas',2),
(103,'Lenny Hancock','Demam',1),
(104,'Emer Michael','Pusing, Sesak Nafas',3),
(105,'Halle Blackburn','Pilek, Pusing, Sesak Nafas',3),
(106,'Gia Fry','Pusing, Sesak Nafas, Demam, Nyeri',2),
(107,'Deniz Morris','Nyeri',4),
(108,'Amin Holding','Pusing, Sesak Nafas',4),
(109,'Janelle Bates','Pusing',1),
(110,'Keaton Vickers','Pilek',4),
(111,'Archie Hagan','Demam, Nyeri',4),
(112,'Katrina Spencer','Pusing, Sesak Nafas, Demam',4),
(113,'Polly Sloan','Batuk',4),
(114,'Glyn Blanchard','Batuk,Pilek',2),
(115,'Nabil Rivers','Batuk, Pilek, Pusing, Sesak Nafas, Demam',1),
(116,'Roy Booker','Pusing',2),
(117,'Oliwier Adams','Batuk,Pilek,Pusing,Sesak Nafas',2),
(118,'Benedict Correa','Pilek',4),
(119,'Roza Barrett','Pusing, Sesak Nafas, Demam',1),
(120,'Nyla Ahmed','Batuk,Pilek,Pusing',4),
(121,'Alexa Boone','Pusing',1),
(122,'Ann Buck','Pusing',1),
(123,'Sasha Beech','Nyeri',2),
(124,'Maison Morrow','Demam, Nyeri',3),
(125,'Lottie Morton','Demam',2),
(126,'Sonnie Love','Batuk,Pilek,Pusing,Sesak Nafas, Demam, Nyeri',2),
(127,'Kurtis Dunn','Batuk,Pilek,Pusing,Sesak Nafas, Demam, Nyeri',3),
(128,'Luciana Goodman','Sesak Nafas, Demam',1),
(129,'Arsalan Shepard','Demam, Nyeri',1),
(130,'Hilda Miranda','Pusing, Sesak Nafas, Demam',4),
(131,'Raees Wong','Batuk,Pilek,Pusing',1),
(132,'Izabela Mellor','Pusing',2),
(133,'Patience Dale','Batuk,Pilek,Pusing,Sesak Nafas, Demam, Nyeri',3),
(134,'Ailish Peterson','Demam',2),
(135,'Kealan Barnes','Pilek',1),
(136,'Tasha Stubbs','Sesak Nafas, Demam, Nyeri',4),
(137,'Penelope Brennan','Batuk',4),
(138,'Marta Piper','Pusing, Sesak Nafas',4),
(139,'Rogan Matthams','Pusing, Sesak Nafas, Demam, Nyeri',4),
(140,'Faizaan Stevens','Pilek',3),
(141,'Deanna Strickland','Nyeri',1),
(142,'Kavita Glenn','Demam',3),
(143,'Teri Coulson','Nyeri',4),
(144,'Lauren Oliver','Batuk,Pilek,Pusing',1),
(145,'Ayah Bowen','Batuk',3),
(146,'Natan Brien','Sesak Nafas, Demam, Nyeri',2),
(147,'Manuel Dickinson','Pilek',3),
(148,'Abbigail Klein','Pilek, Pusing, Sesak Nafas',4),
(149,'Vikki Pace','Sesak Nafas, Demam',4),
(150,'Franklyn Gonzales','Pusing, Sesak Nafas, Demam, Nyeri',1),
(151,'Lester Ryan','Sesak Nafas, Demam, Nyeri',4),
(152,'Vivian Beaumont','Demam',4),
(153,'Doris Clarkson','Batuk,Pilek,Pusing,Sesak Nafas',4),
(154,'Maya Zavala','Batuk',1),
(155,'Alessandro Finnegan','Pilek,Pusing, Sesak Nafas, Demam',2),
(156,'Kia Saunders','Pusing, Sesak Nafas, Demam, Nyeri',4),
(157,'Alayna Harding','Batuk',4),
(158,'Reece Andersen','Nyeri',3),
(159,'Malika Myers','Sesak Nafas, Demam, Nyeri',4),
(160,'Shayaan Marin','Pusing',2),
(161,'Leona Healy','Demam, Nyeri',2),
(162,'Myles Reyes','Batuk,Pilek,Pusing',2),
(163,'Natalie Mackie','Pusing, Sesak Nafas, Demam, Nyeri',2),
(164,'Martine Burns','Batuk,Pilek,Pusing',2),
(165,'Arthur Randall','Demam, Nyeri',2),
(166,'Rick Tillman','Batuk,Pilek,Pusing,Sesak Nafas, Demam, Nyeri',1),
(167,'Libby Kaufman','Nyeri',4),
(168,'Sheena Russell','Demam, Nyeri',4),
(169,'Don Rudd','Nyeri',1),
(170,'Beulah Monroe','Pusing, Sesak Nafas, Demam, Nyeri',2),
(171,'Ricardo Griffin','Pilek,Pusing, Sesak Nafas, Demam',4),
(172,'Vlad Whitmore','Nyeri',2),
(173,'Mila-Rose Melton','Pusing, Sesak Nafas, Demam, Nyeri',3),
(174,'Adil Hanna','Pusing, Sesak Nafas',4),
(175,'Kaja Milne','Pilek, Pusing, Sesak Nafas',1),
(176,'Dane Coles','Batuk,Pilek,Pusing,Sesak Nafas',1),
(177,'Fahad Cohen','Demam',3),
(178,'Aimee Choi','Pilek',1),
(179,'Angel Davey','Pilek',2),
(180,'Danica Garza','Pilek, Pusing, Sesak Nafas',2),
(181,'Summer Murphy','Sesak Nafas, Demam, Nyeri',3),
(182,'Bert Esquivel','Sesak Nafas, Demam, Nyeri',2),
(183,'Ianis Larson','Batuk, Pilek, Pusing, Sesak Nafas, Demam',3),
(184,'Michaela Barlow','Sesak Nafas, Demam',4),
(185,'Tom Brook','Pusing, Sesak Nafas, Demam, Nyeri',2),
(186,'Claire Markham','Pusing, Sesak Nafas, Demam, Nyeri',2),
(187,'Isadora Crawford','Batuk,Pilek,Pusing',2),
(188,'Hasnain Olsen','Pusing, Sesak Nafas, Demam, Nyeri',1),
(189,'Mira Harrell','Batuk',1),
(190,'Angelo Yu','Pusing',3),
(191,'Pharrell Gutierrez','Sesak Nafas, Demam, Nyeri',4),
(192,'Brax Townsend','Demam',3),
(193,'Beck Millington','Batuk',3),
(194,'Derry Hussain','Pilek, Pusing',4),
(195,'Mahima Bray','Batuk,Pilek,Pusing',4),
(196,'Tamanna Drake','Pilek',4),
(197,'Tymoteusz Coates','Batuk,Pilek,Pusing,Sesak Nafas, Demam, Nyeri',2),
(198,'Abigayle Herbert','Pusing',1),
(199,'Olaf Howell','Pilek,Pusing, Sesak Nafas, Demam',4),
(200,'Fleur Elliott','Batuk,Pilek,Pusing,Sesak Nafas',1);

/*Table structure for table `pasien` */

DROP TABLE IF EXISTS `pasien`;

CREATE TABLE `pasien` (
  `pasien_id` int(10) unsigned NOT NULL AUTO_INCREMENT,
  `dokter_id` int(10) DEFAULT NULL,
  `pantauan_id` int(10) DEFAULT NULL,
  PRIMARY KEY (`pasien_id`)
);

/*Data for the table `pasien` */

insert  into `pasien`(`pasien_id`,`dokter_id`,`pantauan_id`) values 
(1,4,134),
(2,3,108),
(3,3,186),
(5,2,60),
(6,1,4),
(7,3,5),
(8,3,96),
(9,1,89),
(10,2,142),
(11,2,160),
(12,2,14),
(13,3,80),
(14,4,54),
(15,4,8),
(16,1,22),
(17,1,133),
(18,1,72),
(19,3,64),
(20,2,85),
(21,3,52),
(22,3,198),
(23,3,197),
(24,3,196);